Progress;Duration (in seconds);Finished;UserLanguage;Participant ID;age;Gender;NAO_1;NAO_2;NAO_3;NAO_4;NAO_5;NAO_6;NAO_7;Blossom_1;Blossom_2;Blossom_3;Blossom_4;Blossom_5;Blossom_6;Blossom_7;Marty_1;Marty_2;Marty_3;Marty_4;Marty_5;Marty_6;Marty_7;SOAS_1;SOAS_2;SOAS_3;SOAS_4;SOAS_5;SOAS_6;SOAS_7;attachment_1;attachment_2;attachment_3;attachment_4;attachment_5;intention_1;intention_2;intention_3;intention_4;MAILS_1;MAILS_2;MAILS_3;MAILS_4;MAILS_5;MAILS_6;MAILS_7;MAILS_8;MAILS_9;MAILS_10;attentioncheck;attentioncheck2;robotparts_1;robotparts_2;sensors_1;sensors_2;microcontrollers_1;microcontrollers_2;AI_DA09;CA12;CI29;CI31;UA19;GA10;LLMdesign_1;GA13;EA05;GA04;PR1;PR2;PR3;PR4;GA17;GA16;EA11;Experimental_group;Timepoint
100;1030;1;DE;1;2;2;4;4;4;5;1;1;5;6;6;6;6;1;1;4;4;6;7;6;1;1;6;2;2;2;2;2;2;2;3;3;3;3;3;4;4;4;4;10;1;6;10;10;1;10;6;11;10;;;1;99;1;99;99;99;99;99;1;99;99;99;5;99;99;0;99;99;99;0;99;99;0;experimental;T1
100;660;1;DE;1;;;4;2;3;3;1;1;4;6;3;6;5;1;1;4;7;1;7;3;1;1;5;2;2;3;1;1;1;3;3;3;3;3;4;4;3;3;4;10;6;6;6;9;7;9;8;11;8;;;1;0;1;1;99;99;0;99;1;1;99;99;3;99;99;0;99;99;99;99;99;1;99;experimental;T4
100;818;1;DE;1;;;4;3;5;2;1;2;3;5;3;5;4;1;1;4;7;3;5;5;1;1;5;2;2;2;2;1;1;3;1;2;3;3;1;4;4;3;4;10;8;7;11;10;6;10;10;10;6;1;;1;0;1;1;1;0;99;0;1;1;0;0;3;1;99;0;99;0;99;0;99;99;1;experimental;T7
100;1020;1;DE;2;2;2;7;7;6;5;2;1;6;7;3;4;5;1;2;6;7;5;4;4;3;2;6;2;2;2;2;2;2;2;3;3;2;2;3;4;4;4;2;10;2;6;2;4;2;11;10;7;5;;;99;0;1;99;1;99;99;99;99;99;99;99;1;99;1;1;99;99;99;0;99;0;99;experimental;T1
100;599;1;DE;2;;;3;4;5;1;1;1;4;4;5;4;1;1;1;4;4;4;4;1;1;1;4;2;1;2;2;2;2;3;2;4;3;4;3;4;4;4;4;10;6;9;6;9;6;10;7;7;8;;;1;0;1;99;0;99;99;99;1;99;99;99;5;99;99;0;99;0;1;0;99;99;99;experimental;T4
100;876;1;DE;2;;;4;5;5;1;1;1;4;5;6;4;3;1;1;2;6;4;4;4;1;1;5;2;2;1;3;1;1;3;1;1;1;1;1;4;4;3;4;10;5;9;5;11;7;7;8;11;6;1;;99;0;1;0;1;0;0;0;1;1;99;99;4;0;1;1;99;1;1;1;99;1;99;experimental;T7
100;1205;1;DE;3;2;2;4;6;4;3;1;2;5;4;5;3;4;1;1;6;7;4;3;5;1;1;4;2;2;2;1;1;3;3;2;2;2;4;2;4;4;4;5;8;3;8;9;6;6;7;7;9;4;;;99;1;1;1;99;0;99;0;99;99;99;99;2;99;99;0;99;0;99;0;99;99;99;experimental;T1
100;756;1;DE;3;;;2;4;4;5;2;1;5;4;4;4;4;1;1;5;5;3;4;3;1;1;3;2;3;2;1;1;3;2;1;4;1;2;3;4;4;4;5;7;6;11;9;9;8;11;9;11;11;;;0;1;1;1;1;99;1;0;99;1;99;99;2;0;0;99;0;99;99;1;0;99;99;experimental;T4
100;1112;1;DE;3;;;6;5;6;7;2;1;6;5;5;5;7;1;2;7;7;5;6;6;1;1;7;3;3;2;1;3;3;2;4;4;4;2;3;4;5;4;4;9;8;8;9;9;10;11;9;10;9;1;;0;1;1;1;1;1;1;0;1;0;99;99;1;99;0;0;0;1;1;0;0;0;99;experimental;T7
100;1274;1;DE;4;1;2;1;1;1;1;1;1;1;1;1;1;1;1;1;1;7;1;1;1;1;1;1;1;1;1;1;1;1;1;1;1;1;1;1;2;1;2;1;7;6;9;11;8;9;4;4;11;11;;;99;1;1;99;99;99;0;99;1;1;0;99;4;0;99;99;0;99;99;0;99;1;99;experimental;T1
100;1261;1;DE;4;;;5;5;4;1;1;1;4;7;1;3;1;1;1;1;7;7;3;1;1;1;6;1;1;1;2;2;1;1;1;1;1;5;5;2;2;2;1;11;10;9;11;11;9;8;8;11;11;;;0;1;1;0;0;1;99;0;1;0;0;99;5;0;99;0;0;99;0;1;0;0;0;experimental;T4
100;1436;1;DE;4;;;7;1;4;3;1;3;5;7;4;4;4;1;3;3;5;1;5;4;1;1;5;1;1;2;3;1;1;3;1;1;2;4;2;3;3;3;2;8;9;8;10;8;7;7;7;9;9;1;;0;0;1;0;0;1;99;1;1;0;0;99;5;99;1;0;1;1;1;0;0;0;99;experimental;T7
100;1656;1;DE;5;3;2;4;6;4;5;4;4;5;3;4;4;4;2;4;5;4;5;5;5;4;4;5;2;1;2;3;2;2;2;1;2;1;2;3;3;4;3;2;8;4;8;5;4;4;8;5;8;5;;;1;1;1;0;0;0;99;1;1;0;99;99;1;99;99;99;1;0;99;1;99;99;99;experimental;T1
100;744;1;DE;5;;;6;2;6;6;2;1;6;5;2;6;6;4;3;6;7;7;7;7;7;7;7;2;2;2;2;1;2;2;1;3;1;2;3;5;4;3;4;8;5;7;6;7;8;7;6;10;6;;;1;1;1;0;1;0;0;99;1;1;0;0;5;0;99;1;1;0;1;1;99;99;99;experimental;T4
100;1008;1;DE;5;;;6;4;5;5;5;5;6;5;4;5;6;4;5;7;4;4;2;6;1;2;5;2;1;3;2;1;2;3;2;2;2;2;2;4;4;4;3;9;8;8;7;5;9;10;8;6;9;1;;1;1;1;99;0;0;0;0;1;0;99;99;5;99;99;99;0;1;0;0;99;99;99;experimental;T7
100;2295;1;DE;6;2;2;2;6;4;1;1;1;7;6;7;5;3;1;2;4;2;5;4;3;1;6;7;1;2;2;1;1;1;2;2;2;2;4;4;3;3;3;4;6;1;10;7;6;1;3;6;11;9;;;99;0;99;0;99;0;0;99;99;0;99;99;1;1;0;99;1;99;99;0;99;0;99;experimental;T1
100;1497;1;DE;6;;;6;2;3;4;1;2;5;2;4;3;1;1;2;1;4;3;2;1;1;3;5;1;1;1;2;2;1;2;1;1;1;3;2;2;1;2;1;5;1;3;2;8;1;2;3;7;8;;;99;1;0;0;99;99;0;0;0;1;99;99;5;1;99;99;1;99;99;0;99;0;99;experimental;T4
100;1145;1;DE;6;;;4;3;3;1;1;2;3;5;3;4;1;1;2;3;6;3;4;1;1;2;3;1;1;1;1;1;1;2;1;1;1;4;4;3;1;1;1;8;1;7;10;10;1;6;4;9;8;1;;1;1;1;0;99;0;99;99;99;1;99;1;5;99;1;1;99;0;0;0;0;0;99;experimental;T7
100;1347;1;DE;7;3;2;7;4;6;6;1;1;6;6;5;6;6;1;1;6;6;5;6;5;3;1;6;3;3;3;2;2;3;3;1;5;4;1;4;5;5;5;5;3;3;9;10;8;3;8;11;2;11;;;0;99;1;0;99;0;0;99;99;0;0;99;4;99;99;99;0;99;99;0;99;0;99;experimental;T1
100;632;1;DE;7;;;7;6;4;6;1;1;7;6;4;6;5;1;1;5;7;7;7;4;1;1;7;3;2;3;1;3;3;2;4;5;5;1;1;5;5;5;5;11;10;10;11;11;1;10;10;11;11;;;1;0;1;0;1;99;99;0;1;1;99;1;5;1;99;0;0;99;0;99;99;99;99;experimental;T4
100;660;1;DE;7;;;7;7;7;7;1;1;7;7;7;6;5;1;1;7;7;7;7;7;1;1;7;2;2;3;3;3;3;3;5;5;5;5;1;5;5;5;5;10;11;10;11;9;11;11;11;10;11;1;;1;0;1;0;1;0;0;99;0;1;99;1;4;0;99;99;1;1;99;99;99;99;0;experimental;T7
100;1356;0;DE;8;2;2;7;7;7;5;1;1;7;7;7;6;4;1;2;4;7;7;7;4;1;1;7;1;1;2;2;1;1;1;2;3;3;4;5;2;4;5;5;9;8;8;8;10;11;11;10;10;11;;;99;99;99;99;99;99;99;99;99;99;99;99;5;99;99;99;99;99;99;99;99;99;99;experimental;T1
100;528;1;DE;8;;;7;7;7;7;1;1;7;5;6;5;5;5;5;5;7;7;7;7;1;1;7;1;1;3;2;2;1;2;1;2;2;2;3;3;4;2;5;9;10;8;6;3;9;10;9;4;6;;;1;0;1;99;1;99;99;99;99;99;99;99;5;99;99;99;99;99;99;99;99;99;99;experimental;T4
100;836;1;DE;8;;;4;4;4;4;4;4;4;3;5;5;5;1;3;3;3;5;6;5;1;1;7;1;1;1;1;1;1;2;1;1;1;4;5;2;5;1;2;11;6;9;9;9;7;6;8;10;9;1;;1;0;1;99;1;99;99;99;99;99;99;99;5;99;99;99;99;99;99;99;99;99;99;experimental;T7
100;1490;1;DE;9;3;2;3;5;6;2;1;7;2;3;4;5;5;1;2;2;2;5;2;3;3;4;4;2;1;3;2;1;1;2;1;1;1;2;2;2;2;2;1;9;2;4;5;10;3;10;9;11;8;;;0;1;1;1;99;99;0;0;1;0;0;99;2;0;99;1;0;1;1;1;0;0;99;experimental;T1
100;757;1;DE;9;;;3;3;5;2;4;4;5;6;3;5;5;4;4;2;6;5;5;6;6;3;6;1;3;3;3;3;2;2;3;4;4;2;3;4;4;4;3;9;9;6;9;8;7;8;7;3;11;;;1;0;1;1;1;99;99;99;1;1;99;0;2;1;99;99;99;1;1;1;1;0;99;experimental;T4
100;820;1;DE;9;;;3;3;5;3;6;3;4;3;3;3;5;5;2;4;5;2;4;2;3;3;4;1;2;3;3;1;1;2;3;2;2;4;4;2;2;2;2;7;3;5;11;7;4;11;8;6;6;1;;0;0;1;1;0;99;99;1;1;0;0;0;3;1;99;99;0;1;1;0;1;0;99;experimental;T7
100;1447;1;DE;10;2;2;3;6;4;5;1;1;7;1;7;5;7;7;4;5;3;7;6;2;1;1;6;1;2;2;2;2;3;3;3;1;2;4;4;3;4;3;5;10;5;7;10;6;5;9;8;8;6;;;0;1;1;0;0;1;0;1;1;0;0;0;4;1;1;0;1;0;1;1;1;0;0;experimental;T1
100;994;1;DE;10;;;3;6;6;5;3;4;5;3;5;4;5;2;2;6;2;6;4;5;2;3;5;1;2;1;1;1;2;3;1;2;2;4;5;4;4;4;4;8;9;9;10;8;7;10;8;8;7;1;;0;0;1;1;1;0;99;99;1;99;1;1;5;99;1;1;1;0;1;0;99;0;0;experimental;T7
100;1882;1;DE;11;3;2;6;6;6;7;1;1;7;2;3;2;6;5;2;3;5;4;5;3;1;1;6;2;1;1;1;1;1;3;1;1;1;5;4;3;2;3;4;9;11;10;8;5;8;11;11;9;10;;;1;1;1;1;99;1;0;1;0;0;0;0;3;1;99;0;0;0;1;0;0;0;1;experimental;T1
100;1451;1;DE;11;;;6;5;4;4;1;5;6;3;5;2;6;3;4;4;2;2;2;3;1;3;5;1;1;1;1;1;1;1;1;1;1;5;4;4;3;4;5;9;8;8;1;6;10;10;7;5;6;;;1;1;1;1;1;0;0;1;99;0;0;1;5;1;0;0;1;1;1;1;1;0;0;experimental;T4
100;1290;0;DE;11;;;5;3;4;1;1;4;6;1;2;3;1;5;3;2;4;4;2;1;1;3;6;1;1;1;1;1;2;1;1;1;1;5;1;3;2;2;5;7;10;10;7;8;9;11;9;7;6;1;;1;1;1;1;1;1;0;0;0;0;0;99;5;0;99;0;1;1;1;0;99;0;1;experimental;T7
100;1516;1;DE;12;5;2;7;6;7;6;1;1;7;6;7;7;7;1;1;7;7;7;7;6;1;1;7;3;3;3;3;3;3;3;2;4;4;2;2;5;5;5;5;8;1;11;7;11;4;11;7;11;11;;;0;0;1;0;1;99;0;99;0;1;99;99;4;99;99;99;0;0;99;99;99;0;99;experimental;T1
100;639;1;DE;12;;;7;7;7;7;1;1;7;7;7;7;7;1;1;7;7;7;7;1;1;1;7;3;1;3;1;2;2;2;4;3;2;2;2;5;5;5;5;11;1;9;11;11;1;11;7;4;11;;;0;99;0;99;1;0;99;99;0;0;0;99;5;1;99;99;1;99;99;99;0;1;0;experimental;T4
100;674;1;DE;12;;;6;6;5;6;1;1;7;6;6;6;6;1;1;6;5;7;5;1;7;1;6;2;1;2;1;2;2;2;2;2;2;3;3;3;5;4;4;9;3;9;11;9;2;9;8;11;11;1;;1;0;0;0;99;99;99;99;99;99;0;99;5;99;99;99;99;1;99;0;0;0;99;experimental;T7
100;1026;1;DE;13;2;2;1;1;1;1;7;1;1;1;1;1;1;1;1;1;1;1;1;1;7;1;1;1;1;1;1;1;3;1;1;1;1;5;3;1;1;1;1;9;3;9;1;11;2;11;7;9;8;;;0;0;1;1;1;99;1;1;1;0;0;99;5;0;0;0;1;99;0;99;99;1;1;experimental;T1
100;683;1;DE;13;;;7;7;5;7;3;3;7;4;1;4;1;1;7;1;5;3;6;4;7;7;5;1;1;1;2;1;1;1;1;2;1;3;2;2;2;2;5;11;1;8;3;11;1;9;11;8;8;;;1;0;1;1;1;0;1;1;1;99;0;0;3;1;1;0;99;1;1;99;0;1;1;experimental;T4
100;780;1;DE;13;;;4;5;4;2;3;5;4;6;5;3;4;7;7;5;5;4;5;2;3;7;2;1;1;1;1;1;2;2;1;2;3;4;5;3;2;2;2;10;2;9;9;10;5;10;11;7;9;1;;1;99;1;1;1;1;1;1;1;99;99;99;5;1;1;99;1;1;1;0;1;0;1;experimental;T7
100;1309;1;DE;14;2;2;1;5;4;1;3;1;1;3;1;1;1;1;7;1;7;2;3;1;1;1;1;1;1;1;1;1;1;1;1;1;1;5;1;1;3;2;5;11;11;11;11;9;8;10;9;11;9;;;0;99;1;1;99;99;1;0;1;99;99;99;5;99;1;0;0;0;0;0;0;0;99;experimental;T1
100;846;1;DE;14;;;4;3;2;2;4;5;3;4;2;4;3;7;6;2;3;2;7;1;1;1;3;1;1;1;1;1;1;1;5;5;5;4;3;5;5;5;5;6;6;9;11;11;11;11;11;11;11;;;0;1;1;1;1;1;0;0;0;1;99;99;5;0;0;0;0;0;1;0;0;0;0;experimental;T4
100;979;1;DE;14;;;4;5;5;5;3;4;6;7;3;2;1;1;7;1;7;3;3;2;6;1;2;1;1;1;1;1;2;1;1;3;3;4;3;4;2;4;4;10;10;8;11;11;8;9;11;11;11;1;;1;0;1;1;1;0;0;0;1;0;0;99;5;0;1;0;0;0;1;0;0;0;1;experimental;T7
100;1221;1;DE;15;2;2;3;4;4;3;5;1;4;5;5;5;6;1;2;4;5;6;5;5;2;1;4;2;2;2;3;3;3;1;4;3;3;2;3;4;5;4;4;3;4;3;5;8;4;9;9;9;7;;;99;99;0;0;99;99;99;0;1;99;99;99;5;99;99;99;0;0;99;0;99;0;99;experimental;T1
100;556;1;DE;15;;;4;6;3;5;1;2;5;4;5;4;5;3;3;4;7;5;7;5;2;2;6;3;1;3;3;2;2;1;4;4;4;2;2;4;4;4;4;7;4;8;3;8;5;9;6;8;7;;;1;0;0;99;99;99;0;0;1;0;1;99;5;1;99;99;0;99;99;1;99;0;99;experimental;T4
100;571;1;DE;15;;;4;4;4;5;3;6;6;4;5;4;4;3;3;5;6;5;5;5;2;2;6;3;3;3;3;2;2;3;3;4;3;2;2;4;4;4;4;9;4;5;5;8;5;10;8;9;8;1;;0;0;1;0;99;0;99;0;0;1;1;99;5;99;99;99;99;0;99;0;0;0;0;experimental;T7
100;1725;1;DE;16;3;2;6;4;3;6;2;2;5;6;4;7;6;1;1;6;7;7;6;5;1;2;5;1;2;3;3;3;3;2;3;5;4;1;1;4;4;4;5;9;7;9;8;8;10;11;10;9;9;;;1;0;0;0;1;0;99;99;0;0;99;99;5;0;99;99;1;0;1;0;99;1;1;experimental;T1
100;1038;1;DE;16;;;6;5;6;4;3;3;6;3;3;4;4;1;2;3;5;4;4;5;1;2;5;2;1;3;1;1;3;3;4;4;4;2;1;3;4;4;5;6;7;5;7;7;8;8;8;7;8;;;0;0;1;0;99;0;1;0;0;1;99;0;1;1;1;99;0;0;99;0;99;99;99;experimental;T4
100;898;1;DE;17;2;2;3;5;4;6;2;3;5;5;5;4;6;2;2;6;6;7;6;7;1;1;7;3;3;2;3;3;1;2;4;3;5;3;2;4;4;4;5;9;7;7;8;9;6;7;5;5;8;;;0;1;1;1;1;1;0;0;1;0;0;1;1;1;0;0;1;1;1;0;0;0;0;experimental;T1
100;775;1;DE;17;;;6;6;7;3;1;1;4;4;2;3;7;1;2;6;5;4;5;4;2;2;6;3;2;3;2;3;1;2;3;4;3;3;5;3;5;4;2;11;6;7;7;9;6;8;5;11;9;;;1;0;1;1;1;0;1;1;1;1;1;1;1;1;1;0;1;1;1;0;0;1;0;experimental;T4
100;832;1;DE;18;2;2;6;5;6;3;1;1;4;4;4;5;3;2;2;5;6;4;6;4;3;1;5;1;1;3;2;2;3;1;1;1;3;4;2;2;3;3;1;6;9;6;7;5;3;8;8;7;9;;;0;1;1;0;0;0;0;0;0;1;0;0;5;0;1;0;0;0;0;1;1;0;0;experimental;T1
100;532;1;DE;18;;;7;1;7;5;1;3;5;5;5;6;7;4;7;4;2;1;2;2;3;1;2;2;2;1;1;3;1;2;2;3;2;2;3;1;2;3;1;7;8;9;7;8;6;7;7;9;8;;;0;0;1;0;0;1;1;0;0;1;0;1;1;1;1;0;0;0;1;0;0;0;0;experimental;T4
100;537;1;DE;18;;;7;6;6;5;1;1;5;4;6;7;7;4;2;5;6;4;6;6;1;2;5;1;1;2;2;3;1;3;2;1;2;2;4;2;1;1;1;8;8;9;7;8;8;7;9;9;9;1;;0;0;1;0;0;1;0;0;0;1;0;0;4;1;0;0;0;0;0;1;0;1;0;experimental;T7
100;993;1;DE;19;;;3;3;4;4;3;4;4;4;4;3;4;4;4;3;4;3;4;3;3;3;4;2;1;3;2;2;1;2;2;2;3;3;3;3;2;2;2;4;6;7;5;6;6;6;8;6;6;;;1;1;1;0;1;1;0;0;1;1;0;99;5;99;0;99;0;0;99;99;0;0;0;experimental;T4
100;2176;1;DE;20;3;2;6;3;3;1;2;3;3;7;2;2;3;1;1;2;6;5;5;1;2;2;1;1;1;1;1;1;1;2;2;1;2;3;3;2;4;3;4;10;9;9;11;10;9;10;9;10;11;;;1;0;1;0;1;0;0;0;1;1;0;1;3;0;1;0;0;0;0;0;1;0;0;experimental;T1
100;1365;1;DE;20;;;4;5;6;4;1;1;5;5;5;5;4;1;1;5;5;5;5;3;1;1;4;1;1;1;1;1;2;2;1;1;1;1;3;2;3;3;5;8;7;9;9;10;5;10;8;9;10;;;1;99;1;0;1;99;0;0;99;0;99;1;2;0;1;99;1;0;1;0;1;0;0;experimental;T4
100;1365;1;DE;20;;;6;5;5;6;2;1;6;5;4;5;5;2;1;4;7;5;6;2;2;1;6;2;1;2;1;3;2;3;3;3;3;3;4;4;5;4;5;10;8;9;10;11;5;9;8;9;9;1;;1;0;1;0;0;0;0;1;1;0;0;1;3;99;1;0;0;1;0;1;1;0;1;experimental;T7
100;1436;1;DE;21;3;2;7;7;7;7;7;6;7;7;7;5;5;1;1;6;4;3;7;5;6;7;6;3;3;1;1;1;2;2;1;1;1;3;5;3;3;3;2;7;1;7;9;6;3;11;7;2;8;;;99;0;0;99;99;99;0;1;1;0;99;99;1;0;0;0;0;99;99;99;1;0;0;experimental;T1
100;444;1;DE;21;;;6;6;7;1;5;1;6;7;1;1;1;1;1;1;7;1;4;1;3;1;4;1;1;1;1;1;1;1;1;1;1;1;5;4;4;1;1;11;1;11;11;1;1;11;11;11;11;;;99;99;99;99;99;99;99;99;99;99;99;99;5;99;99;99;99;99;99;99;99;99;99;experimental;T4
100;1113;1;DE;23;3;1;3;4;4;4;3;3;4;5;3;3;4;3;2;4;4;3;4;4;2;3;3;2;3;2;1;3;3;2;2;3;3;3;3;4;3;3;5;4;3;5;4;5;4;5;3;4;5;;;0;0;1;0;99;1;0;0;99;0;0;99;4;0;1;99;0;0;1;0;99;0;0;experimental;T1
100;718;1;DE;23;;;4;3;4;3;3;3;4;4;4;3;5;2;1;5;5;5;3;4;3;3;4;2;3;3;1;2;1;2;2;2;2;4;3;3;2;3;4;5;4;6;5;7;5;4;5;6;7;;;0;0;1;0;0;1;99;99;0;0;1;0;5;0;99;0;1;1;99;0;1;0;0;experimental;T4
100;729;1;DE;23;;;5;4;6;5;4;4;5;4;4;4;6;2;1;6;4;5;4;4;2;2;6;2;1;1;1;2;1;3;3;2;2;4;3;4;4;4;2;6;6;6;4;8;6;7;5;9;9;1;;1;0;1;0;0;99;0;99;1;0;0;99;3;0;1;0;0;1;99;99;99;0;0;experimental;T7
100;1640;1;DE;24;3;2;3;4;5;4;2;3;4;3;4;3;3;5;4;4;3;4;5;5;2;3;4;3;2;2;2;3;3;3;2;2;2;3;4;3;2;3;4;6;4;8;6;7;4;8;7;4;9;;;0;99;1;0;0;99;99;0;1;1;1;0;3;0;1;1;0;0;1;1;99;1;0;experimental;T1
100;912;1;DE;24;;;4;4;2;3;2;2;3;3;4;4;4;2;3;5;4;4;4;3;2;3;4;3;1;2;3;1;1;2;1;1;1;4;4;3;2;2;2;6;4;5;7;4;3;10;7;5;4;;;0;0;0;0;1;0;0;0;1;99;1;0;2;0;99;0;1;1;0;0;99;99;0;experimental;T4
100;1032;1;DE;24;;;4;4;5;4;2;1;5;3;4;3;3;4;4;4;4;6;5;2;1;1;5;2;2;2;3;1;1;3;1;1;1;4;4;2;1;2;2;1;2;7;7;3;2;8;6;3;9;1;;0;0;1;0;0;1;0;1;1;0;99;99;4;99;99;1;1;0;1;0;99;0;1;experimental;T7
100;1997;1;DE;25;3;2;3;3;1;2;2;4;1;2;2;3;3;1;1;2;2;3;1;2;2;1;3;3;2;1;2;3;3;3;5;5;4;1;2;3;4;4;4;2;4;2;4;2;5;4;9;4;2;;;99;0;0;99;0;99;0;1;0;0;99;0;2;0;99;99;99;99;99;0;99;99;99;experimental;T1
50;518;0;DE;25;;;7;7;6;6;7;7;7;7;7;6;7;7;6;7;6;6;7;7;7;7;7;3;2;1;2;2;3;3;5;1;5;5;5;4;5;5;5;8;7;4;6;4;11;11;3;6;6;;;;;1;;;;;99;;;;;;99;;;;;99;99;;;;experimental;T4
100;379;1;DE;25;;;6;6;6;6;7;7;6;7;7;7;7;7;7;7;6;7;6;6;7;6;7;2;2;1;2;1;2;3;2;4;4;4;5;5;1;5;5;10;11;10;10;10;10;10;11;10;10;1;;0;99;0;99;0;99;99;99;99;99;99;0;5;99;99;99;99;99;99;99;99;99;99;experimental;T7
63;591;0;DE;25;;;7;7;6;6;6;6;3;7;6;6;7;6;6;6;7;6;6;6;6;6;7;2;1;1;1;1;1;3;2;3;3;5;5;5;1;5;5;6;5;3;6;4;6;11;6;6;4;1;;0;99;0;;1;;99;99;1;;99;0;5;;99;99;99;99;99;;99;99;99;experimental;T7
100;1516;1;DE;26;2;2;6;1;6;1;2;3;1;6;2;6;1;2;4;1;7;2;6;1;2;2;1;1;2;1;3;1;2;3;1;1;1;5;1;2;3;2;3;8;9;11;5;6;9;10;9;10;10;;;0;0;0;0;1;1;0;1;1;99;99;1;5;0;99;0;1;0;1;0;99;1;0;experimental;T1
100;698;1;DE;26;;;5;5;6;1;3;4;1;7;2;6;1;1;4;1;6;5;3;1;1;3;1;1;1;1;3;1;2;3;1;1;1;5;5;2;2;2;4;9;9;10;11;10;10;10;10;10;10;;;0;0;1;1;0;99;99;0;99;99;99;1;3;0;99;0;1;0;1;99;1;0;1;experimental;T4
100;521;1;DE;26;;;6;5;6;1;1;1;1;7;1;7;1;1;1;1;6;3;5;1;1;1;1;1;1;1;1;1;1;2;1;1;1;5;5;1;1;1;1;10;8;8;9;9;9;8;8;9;9;1;;99;0;1;0;99;99;99;99;0;0;99;1;2;99;99;0;99;0;1;0;0;0;99;experimental;T7
44;499;0;DE;26;;;5;3;6;1;3;4;1;6;1;5;1;1;2;1;6;4;6;1;1;1;1;1;1;1;1;1;1;2;1;1;1;5;5;1;2;1;2;9;8;9;10;9;9;10;8;10;9;1;;;;;;99;;;;;;;;4;0;99;99;;0;1;;;;1;experimental;T7
100;1669;1;DE;27;3;4;7;4;7;4;1;1;5;7;3;4;3;1;1;4;7;4;4;4;1;1;4;2;1;1;1;2;2;1;5;5;5;1;1;5;5;5;5;10;1;6;11;6;2;9;6;10;10;;;99;99;99;99;99;99;99;99;0;99;99;99;2;99;99;99;1;1;1;0;99;99;99;experimental;T1
100;1258;1;DE;27;;;5;6;6;4;2;1;5;6;2;2;4;2;2;3;6;6;6;6;1;1;5;1;1;1;1;1;1;1;2;4;3;1;2;5;5;5;4;11;3;8;11;8;3;10;8;11;9;;;99;0;1;0;99;99;1;1;0;0;1;0;1;99;99;0;0;1;1;0;99;0;99;experimental;T4
100;1530;1;DE;27;;;6;6;5;3;4;3;5;5;2;3;5;5;5;4;6;4;5;6;1;1;6;1;1;1;1;1;1;2;2;3;2;3;3;4;4;4;3;9;4;7;10;8;3;10;4;10;8;1;;0;0;1;99;1;1;1;1;1;0;1;0;3;0;1;0;1;1;1;0;99;0;0;experimental;T7
100;1219;1;DE;28;3;1;4;4;3;1;4;2;2;3;4;3;1;4;3;1;2;3;3;1;1;2;1;2;2;1;1;3;3;3;1;2;1;3;1;2;3;2;3;4;7;7;10;5;4;8;7;8;9;;;99;0;0;0;1;1;0;0;1;0;1;99;3;0;1;0;99;0;99;0;99;1;0;experimental;T1
100;630;1;DE;28;;;4;3;3;3;2;2;4;2;2;2;1;1;1;2;2;2;3;2;1;2;3;2;1;1;1;3;3;2;1;1;1;3;4;2;3;3;3;7;4;9;11;7;5;7;3;10;10;;;0;0;99;1;0;0;0;0;0;1;99;1;1;0;99;1;0;0;99;0;0;0;0;experimental;T4
100;559;1;DE;28;;;4;4;4;2;3;2;3;3;2;2;4;1;3;3;3;3;2;3;2;1;2;3;2;1;3;2;2;3;2;2;2;1;4;3;3;3;2;6;8;8;8;10;6;7;2;8;8;1;;0;99;0;0;0;0;99;0;1;1;1;99;4;99;1;0;0;1;0;0;1;0;0;experimental;T7
100;804;1;DE;29;1;2;4;7;7;3;5;1;6;7;3;2;3;1;1;5;7;3;4;1;4;1;5;1;1;1;1;2;2;2;1;1;1;5;5;2;3;2;2;3;3;2;3;1;2;3;3;3;2;;;1;99;1;0;99;99;99;99;99;99;99;99;5;99;99;99;0;1;1;99;99;0;99;experimental;T1
100;433;1;DE;29;;;5;7;6;3;4;7;2;7;7;5;7;1;3;7;1;2;1;1;1;7;2;1;1;1;1;1;1;1;1;1;1;1;1;2;1;1;4;8;5;5;5;8;7;7;5;4;8;;;1;0;99;99;1;99;99;99;0;99;0;99;2;99;1;0;0;99;1;99;0;1;99;experimental;T4
100;464;1;DE;29;;;1;7;7;1;7;1;1;7;1;1;5;1;4;7;7;1;1;1;1;1;1;1;1;1;1;1;1;1;1;1;1;5;1;2;1;1;1;8;9;8;7;7;4;8;7;6;9;1;;1;1;1;99;99;1;99;99;99;99;99;99;5;99;99;99;99;99;99;99;99;99;99;experimental;T7
100;1396;1;DE;30;2;1;6;7;7;6;1;1;6;7;7;7;6;1;1;5;6;7;7;6;1;1;7;2;3;2;2;3;2;3;3;4;3;1;2;4;4;5;2;6;6;6;8;9;1;9;10;8;7;;;99;1;1;99;99;99;99;99;1;99;99;99;5;1;0;99;0;99;99;0;99;1;99;experimental;T1
100;1118;1;DE;30;;;7;7;6;6;2;2;7;7;7;6;6;1;1;7;6;7;7;6;1;2;7;1;1;2;2;2;2;3;2;4;3;3;2;4;4;5;4;9;8;6;11;8;7;9;11;6;10;;;1;0;1;0;0;0;0;99;1;99;99;99;1;99;0;0;0;0;99;1;0;0;1;experimental;T4
100;1061;1;DE;30;;;5;6;6;3;2;2;5;4;5;6;4;1;2;5;5;6;5;3;1;2;6;2;1;2;1;1;1;3;3;3;3;2;2;4;3;3;4;8;9;6;10;8;7;9;9;7;8;1;;99;0;1;99;0;1;0;99;1;0;99;1;3;1;0;0;1;0;1;99;99;1;99;experimental;T7
100;1134;1;DE;31;2;1;5;5;2;2;3;3;4;2;3;4;6;5;1;2;1;3;4;6;5;4;2;2;3;3;3;1;3;2;4;3;3;2;3;3;3;3;2;10;6;8;8;5;4;10;11;6;8;;;99;0;1;0;99;0;0;0;1;0;1;99;3;1;99;99;1;0;0;0;99;0;0;experimental;T1
100;516;1;DE;31;;;6;4;5;2;3;4;4;2;4;6;6;7;5;5;2;2;2;5;6;3;2;3;2;3;3;2;3;1;2;2;2;3;2;3;3;3;3;9;6;9;9;6;10;9;9;6;10;;;0;0;0;0;0;1;0;0;0;1;0;0;1;0;0;0;0;0;0;1;0;0;0;experimental;T4
100;750;1;DE;31;;;6;4;5;3;4;4;5;3;4;4;5;5;3;3;2;3;4;6;2;5;4;3;1;3;3;1;3;2;3;2;2;3;4;3;3;2;2;6;7;8;8;7;6;10;10;8;8;1;;1;0;1;0;0;0;99;1;1;99;0;99;1;1;99;99;99;1;99;1;99;0;0;experimental;T7
100;410;1;DE;32;2;2;1;1;1;1;1;1;1;1;1;2;1;1;2;1;1;1;1;1;1;1;1;1;1;1;1;1;1;1;1;1;1;1;1;1;1;1;1;1;4;1;1;1;2;1;1;2;1;;;0;0;0;1;0;0;0;1;0;1;1;0;1;0;1;0;0;0;1;1;0;1;0;experimental;T1
100;390;1;DE;32;;;2;2;1;2;2;1;2;4;5;6;3;2;3;2;1;1;1;1;1;1;1;2;1;1;1;1;1;1;1;1;1;5;5;1;1;1;1;11;6;1;11;10;1;1;8;11;11;1;;0;0;1;1;0;1;0;1;1;0;0;1;4;0;0;0;1;1;99;1;0;99;1;experimental;T7
100;982;1;DE;33;3;1;6;3;5;5;2;1;6;6;5;5;5;6;1;3;5;3;3;5;3;1;5;2;3;3;3;2;1;2;1;2;1;3;4;3;3;3;4;6;6;9;9;5;2;9;7;9;6;1;1;0;1;0;0;99;0;0;1;1;99;99;99;1;0;0;99;1;99;99;0;99;99;99;control;T1
100;620;1;DE;34;3;1;5;6;5;1;2;1;2;2;3;3;2;1;1;5;4;3;3;4;1;4;3;2;1;1;1;1;2;1;1;1;1;1;1;1;1;1;3;4;5;7;4;5;6;5;6;5;5;1;1;0;0;1;99;0;0;0;1;0;99;0;0;1;99;99;99;99;0;0;0;99;0;99;control;T1
100;257;1;DE;34;;;4;4;3;4;4;4;4;2;2;2;2;2;2;2;3;3;3;1;1;1;1;1;1;1;1;1;1;1;2;2;2;2;2;2;2;2;2;11;11;1;10;9;11;11;9;11;9;1;1;99;99;99;99;99;99;99;99;99;99;99;99;5;99;99;99;99;99;99;99;99;99;99;control;T4
100;287;1;DE;34;;;1;4;5;2;1;1;1;1;1;4;2;1;1;2;4;3;1;1;1;1;1;1;1;1;1;1;1;1;1;1;1;5;5;2;3;1;1;4;4;4;4;4;4;4;4;4;4;1;;99;99;99;99;99;99;99;99;99;99;99;99;5;99;99;99;99;99;99;99;99;99;99;control;T7
100;766;1;DE;35;2;1;5;2;3;3;2;1;5;2;1;2;2;5;1;1;3;2;3;3;3;1;3;2;2;1;1;2;2;2;1;1;1;4;5;3;3;3;3;7;1;6;8;6;3;11;5;11;4;1;1;99;99;0;0;99;99;99;0;1;0;0;99;5;99;99;99;99;0;1;0;99;99;99;control;T1
100;457;1;DE;35;;;6;7;7;4;1;1;7;4;3;6;4;6;1;4;6;6;6;5;1;1;7;1;2;1;1;2;1;3;1;3;1;5;5;3;3;1;1;11;1;6;11;11;1;11;11;11;7;1;1;1;1;99;99;99;99;99;0;1;0;99;99;1;99;99;99;99;99;1;0;99;0;99;control;T4
100;782;1;DE;36;2;2;7;6;6;7;1;1;7;6;7;6;5;1;1;4;7;6;6;6;2;1;7;1;1;1;1;1;1;1;1;2;1;1;1;5;5;1;1;6;1;8;11;6;8;9;8;11;9;1;1;1;99;99;0;99;99;0;0;1;0;99;99;5;99;99;99;99;99;1;0;99;0;99;control;T1
100;564;1;DE;36;;;7;6;7;5;1;1;6;7;5;7;6;2;1;6;7;4;5;4;1;1;6;3;2;1;1;1;1;3;1;1;1;5;4;4;5;1;4;7;3;8;9;9;1;11;9;11;11;1;;0;1;1;0;0;1;1;99;1;1;99;1;1;0;99;99;0;1;1;0;0;1;0;control;T7
100;927;1;DE;37;2;2;6;3;5;3;2;5;4;6;3;4;3;2;2;5;6;3;4;3;1;1;4;2;2;1;2;1;1;2;1;3;3;3;3;3;4;3;5;6;1;9;6;6;1;9;4;10;10;1;0;99;99;99;99;99;99;99;99;99;99;99;99;5;99;99;99;99;99;99;99;99;99;0;control;T1
100;737;1;DE;38;4;2;4;5;5;3;1;1;4;4;2;3;3;1;1;4;3;4;4;1;1;1;3;3;3;2;1;2;2;3;2;2;1;3;3;4;4;4;1;9;1;6;9;6;1;10;4;9;4;1;1;99;99;99;99;99;99;1;99;0;99;99;99;4;99;99;99;0;0;99;99;99;0;99;control;T1
100;667;1;DE;38;;;2;2;2;2;2;2;2;3;3;3;3;3;3;3;4;4;3;2;1;1;4;2;1;3;3;2;1;3;1;1;1;3;1;3;1;1;1;11;6;9;9;11;6;11;9;11;11;1;;1;99;0;0;0;0;0;1;1;99;0;99;5;99;99;99;1;1;1;99;99;99;1;control;T7
100;655;1;DE;39;2;2;4;6;5;5;5;4;7;3;5;6;4;6;2;7;2;2;6;4;5;5;7;3;2;2;3;1;1;2;4;5;1;1;1;4;1;5;5;7;11;7;8;6;8;9;3;4;8;1;1;0;99;99;1;0;0;99;99;1;0;99;99;2;1;99;1;1;0;0;0;99;99;0;control;T1
100;582;1;DE;39;;;6;6;5;6;4;6;7;4;7;3;5;3;4;3;2;7;4;4;3;5;7;2;2;3;2;3;1;3;4;5;3;3;4;4;3;3;4;5;5;5;11;9;4;9;4;8;8;1;;99;1;99;0;99;1;1;0;99;99;99;99;5;0;99;99;0;99;99;99;99;0;1;control;T7
100;732;1;DE;40;3;2;6;6;6;6;2;1;6;6;6;6;6;2;1;6;6;6;6;6;1;1;6;2;3;3;2;3;3;3;3;3;3;2;1;4;4;4;3;6;2;10;8;8;2;8;4;10;8;1;1;1;1;1;0;0;0;1;0;1;1;0;0;1;0;0;0;1;0;1;0;1;0;0;control;T1
100;331;1;DE;40;;;4;4;4;4;2;4;4;4;4;4;4;2;2;4;4;4;4;4;2;2;4;2;2;2;2;2;2;2;3;3;3;3;3;3;3;3;3;9;2;9;9;9;2;9;6;9;9;1;1;1;1;0;1;1;0;0;1;1;1;0;0;3;1;0;0;99;1;1;0;1;0;1;control;T4
100;404;1;DE;40;;;5;5;5;5;2;2;5;5;5;5;5;2;2;5;4;4;4;5;4;4;5;2;2;2;2;2;2;2;3;3;3;3;3;3;3;3;3;8;6;6;8;7;4;6;5;8;8;1;;0;1;1;1;0;1;0;1;1;0;0;0;3;1;1;1;0;1;1;1;1;1;1;control;T7
100;855;1;DE;41;2;2;4;2;4;4;2;2;3;6;1;6;6;2;4;4;5;3;6;6;6;6;6;2;2;2;2;2;2;2;3;1;1;3;3;5;3;3;4;9;6;8;10;10;8;8;10;7;8;1;1;99;1;99;99;1;1;1;1;99;99;99;99;3;99;99;99;0;99;1;0;99;99;0;control;T1
100;406;1;DE;41;;;6;6;4;5;2;2;3;7;3;4;4;5;2;5;3;3;3;3;1;2;6;2;1;1;1;1;1;2;1;2;2;3;4;3;4;4;4;7;2;10;1;1;1;10;11;10;1;1;1;99;99;99;99;99;99;99;99;0;99;99;99;5;99;99;99;99;99;99;99;99;99;99;control;T4
100;284;1;DE;41;;;6;6;6;6;6;5;6;7;4;6;7;6;2;6;2;6;6;6;6;4;4;2;2;2;2;2;2;2;3;5;4;5;4;4;5;5;3;11;11;10;11;11;9;10;9;11;11;1;;0;99;99;99;0;1;0;99;99;1;0;99;5;99;99;99;99;1;0;0;99;1;99;control;T7
100;722;1;DE;42;2;1;4;5;4;3;1;3;5;5;5;5;5;5;3;5;4;4;5;4;4;2;5;1;1;3;2;2;2;2;1;1;1;5;5;2;1;1;1;10;6;6;10;8;7;5;4;7;8;0;1;0;0;0;0;99;99;99;99;99;0;99;99;3;99;0;99;0;99;1;0;99;99;99;control;T1
100;180;1;DE;42;;;6;4;2;3;1;5;4;3;4;3;3;5;5;4;4;4;5;2;1;1;3;1;1;1;1;1;1;1;1;1;1;1;5;1;1;1;1;4;4;8;7;8;9;4;4;7;8;1;1;99;99;99;99;99;99;99;0;0;0;0;99;4;99;99;99;99;99;99;99;0;99;0;control;T4
100;1192;1;DE;44;1;1;5;4;5;3;1;1;5;5;3;5;4;1;1;4;4;3;4;5;1;1;3;3;2;2;2;2;3;2;1;4;1;2;3;1;4;4;5;3;5;9;9;4;6;8;7;8;8;1;1;1;1;0;0;0;99;0;1;0;1;0;0;3;1;1;99;1;0;0;1;1;1;0;control;T1
100;971;1;DE;44;;;5;4;5;5;1;1;4;6;4;6;6;1;1;5;4;4;5;6;1;1;4;1;1;2;2;1;2;3;1;2;1;4;4;4;4;3;4;7;5;7;9;6;5;9;9;9;9;1;1;0;1;1;0;1;0;0;1;0;0;1;0;1;1;1;0;0;1;1;1;0;0;0;control;T4
100;846;1;DE;44;;;5;4;5;3;1;1;4;4;3;4;5;1;1;4;5;3;5;5;1;1;4;1;1;1;1;1;1;1;1;2;1;4;4;4;4;3;4;6;9;6;9;9;6;9;7;9;9;1;;0;1;1;0;0;0;1;1;1;0;0;0;1;0;1;0;1;1;0;0;0;0;1;control;T7
100;896;1;DE;45;2;1;2;3;3;1;2;2;3;3;1;2;1;1;1;2;2;1;1;1;1;1;2;2;2;2;2;2;2;2;1;1;1;4;3;3;3;4;1;8;1;4;7;7;1;9;2;10;7;1;1;99;99;99;1;99;99;99;99;99;99;99;99;3;99;99;99;99;1;1;0;99;1;99;control;T1
100;474;1;DE;45;;;3;4;4;3;3;3;4;4;4;3;4;2;3;4;3;4;3;3;3;3;3;1;1;1;3;2;1;3;1;1;1;4;1;3;1;3;3;5;1;6;6;6;3;8;5;6;7;1;1;99;0;99;99;99;99;1;99;1;99;99;99;5;99;99;0;1;0;1;0;1;0;0;control;T4
100;549;1;DE;45;;;2;2;2;2;2;2;2;2;2;2;2;2;2;2;3;3;3;2;2;3;2;1;2;1;2;2;2;3;2;2;3;2;3;3;3;3;3;7;8;6;6;6;6;9;5;10;7;1;;99;1;0;0;99;0;0;99;1;99;0;99;5;99;99;99;1;0;1;0;99;0;0;control;T7
100;1109;1;DE;46;3;2;3;3;3;2;4;5;3;3;2;2;3;6;4;2;3;4;3;3;4;5;3;3;2;1;1;2;2;3;1;1;1;4;5;1;1;2;1;7;1;7;9;9;1;8;10;5;10;1;1;99;99;1;0;99;0;1;1;1;0;99;1;3;99;1;99;99;99;1;99;1;1;0;control;T1
100;617;1;DE;46;;;4;2;2;2;2;3;3;3;5;3;4;6;5;4;4;2;3;2;3;4;3;1;1;1;3;2;2;3;1;2;1;4;4;2;2;2;1;7;1;4;8;9;1;4;5;9;9;1;1;99;99;1;0;99;99;1;99;99;1;0;1;5;0;99;99;99;99;99;99;0;1;99;control;T4
100;752;1;DE;46;;;3;3;2;2;3;4;4;3;4;5;3;6;5;4;5;3;3;2;2;3;3;2;1;1;3;1;2;2;2;2;2;4;4;3;2;2;3;8;2;6;8;9;8;9;10;7;10;1;;99;0;1;0;0;1;0;0;0;1;1;1;1;1;1;0;1;1;1;0;1;1;0;control;T7
100;650;1;DE;47;2;1;6;2;4;4;1;4;4;2;3;4;3;2;1;3;1;1;2;3;5;3;3;2;2;3;2;3;3;1;1;2;1;4;1;3;2;4;1;6;2;4;6;7;3;4;4;8;8;1;1;99;0;99;99;99;99;99;99;99;99;99;99;1;99;99;99;99;99;99;99;0;0;99;control;T1
100;450;1;DE;47;;;3;3;3;5;4;3;4;3;3;5;5;3;2;4;4;3;1;1;3;3;1;2;1;3;1;1;2;2;1;1;1;4;5;1;2;2;1;7;1;8;7;5;1;6;7;9;9;1;1;99;0;99;99;99;99;99;1;99;1;99;99;4;99;99;99;99;0;99;0;99;0;99;control;T4
100;373;1;DE;47;;;4;3;3;3;2;2;3;2;3;5;4;2;2;5;4;3;2;1;2;1;1;2;1;3;2;1;1;2;1;1;1;5;5;1;1;1;1;8;1;9;9;7;1;9;8;8;10;1;;99;99;99;99;99;99;99;99;99;99;99;99;5;99;99;99;99;1;99;99;99;99;99;control;T7
100;804;1;DE;48;4;2;7;6;6;6;2;2;7;7;7;7;7;7;1;7;7;7;7;7;1;1;7;1;1;2;1;2;3;3;5;5;1;1;1;2;5;5;5;4;1;6;11;8;1;6;11;6;11;1;1;99;99;1;0;99;99;0;1;1;99;0;1;4;99;0;0;1;99;1;0;0;1;1;control;T1
100;533;1;DE;48;;;5;6;7;5;5;3;7;7;7;1;7;1;1;7;7;7;7;7;1;2;7;2;2;2;3;3;3;3;1;3;4;1;5;5;4;3;3;7;9;9;9;9;1;8;9;9;7;1;;0;99;1;0;1;0;0;1;0;0;0;0;1;0;1;1;0;1;1;0;1;0;1;control;T7
100;1048;1;DE;49;3;1;3;4;2;1;2;1;1;3;3;1;1;1;1;1;3;5;1;1;1;1;5;1;1;3;1;3;2;1;3;3;3;3;3;3;3;3;3;7;1;8;6;5;1;7;5;1;10;1;1;99;1;1;0;99;99;1;99;1;99;99;99;3;1;99;99;0;99;1;0;0;1;1;control;T1
100;672;1;DE;49;;;4;4;4;4;4;4;4;4;4;4;4;4;4;4;7;7;7;7;1;1;7;1;1;3;2;1;1;1;5;5;5;1;1;5;3;5;5;7;2;9;8;7;1;9;10;10;9;1;1;0;1;1;0;99;99;99;0;1;99;99;0;3;1;0;0;1;99;1;0;1;1;1;control;T4
100;777;1;DE;49;;;3;5;3;3;6;6;3;4;4;4;4;1;1;4;4;7;7;4;1;1;7;1;1;3;1;1;1;2;5;5;5;1;1;5;5;4;5;10;9;10;4;11;6;8;9;4;11;1;;0;1;1;99;99;0;1;99;1;1;0;0;3;1;1;0;1;0;1;1;0;1;1;control;T7
100;1095;1;DE;50;2;2;5;3;5;4;1;2;2;6;2;5;4;2;2;1;5;3;5;2;1;2;2;2;2;3;2;1;3;2;1;3;3;3;3;3;2;3;3;6;1;8;11;8;1;8;6;11;8;1;1;99;99;1;99;99;99;99;99;1;99;99;99;5;99;99;99;99;99;99;99;99;0;99;control;T1
100;832;1;DE;50;;;5;5;5;5;1;1;5;6;4;6;4;1;1;4;5;4;6;2;1;1;4;2;1;2;1;1;1;2;3;3;3;3;3;3;4;3;3;8;1;9;9;9;1;9;9;9;9;1;1;99;0;1;1;99;99;1;1;0;0;0;1;1;1;0;1;0;99;99;0;0;0;99;control;T4
100;745;1;DE;50;;;5;5;5;2;1;1;5;6;5;5;2;1;1;4;5;5;5;2;1;1;4;1;1;1;1;1;1;1;2;3;2;3;3;3;3;3;3;8;8;8;9;7;7;9;9;9;9;1;;0;1;1;1;1;1;0;1;0;1;0;1;3;1;1;0;1;1;99;0;0;0;1;control;T7
100;1318;1;DE;51;2;2;6;3;3;1;1;1;4;5;4;2;3;5;3;4;1;5;2;1;4;6;2;1;3;2;2;3;1;2;2;2;2;4;3;3;3;3;4;7;1;7;11;8;3;9;9;11;8;1;1;0;0;1;1;99;0;0;99;0;1;1;99;1;1;0;0;1;0;1;1;99;0;0;control;T1
100;948;1;DE;51;;;4;4;4;2;1;3;3;6;1;2;3;2;2;3;5;6;3;2;2;3;3;1;1;2;2;1;1;1;2;2;2;4;3;3;3;3;4;9;6;10;11;9;2;8;9;8;8;1;1;1;0;1;1;1;1;0;1;0;0;1;1;1;1;1;1;0;0;1;0;0;0;0;control;T4
100;770;1;DE;51;;;4;2;4;1;1;1;3;2;2;1;1;2;1;2;4;4;3;2;2;2;3;1;1;2;2;1;2;3;3;3;3;4;3;4;4;2;4;10;8;9;11;9;8;9;9;9;9;1;;99;1;1;1;0;0;0;0;0;1;1;1;3;1;0;1;0;1;1;1;0;0;0;control;T7
100;953;1;DE;53;2;1;3;5;6;3;1;2;7;5;4;5;7;1;1;3;1;3;2;1;6;4;5;2;2;3;2;2;3;1;1;1;1;1;5;1;2;1;1;2;4;6;9;10;3;11;4;7;9;1;1;0;99;99;0;0;99;0;0;99;99;99;99;5;99;0;0;0;1;1;99;0;0;99;control;T1
100;425;1;DE;53;;;5;4;3;6;1;3;4;3;2;4;6;3;5;4;4;2;3;1;2;3;3;1;1;1;1;1;1;2;1;1;1;5;5;2;1;1;1;9;5;8;8;6;7;9;5;9;10;1;1;99;1;1;0;99;99;99;0;0;99;99;99;5;99;99;99;0;99;99;99;99;99;99;control;T4
100;514;1;DE;53;;;5;7;7;3;2;2;4;5;4;3;7;2;2;4;4;5;5;2;2;3;5;2;1;1;3;1;1;2;1;1;1;5;1;1;2;1;1;7;4;8;9;6;6;9;8;11;9;1;;99;0;1;0;99;99;0;0;0;99;99;99;5;0;99;99;0;99;99;99;0;99;0;control;T7
100;1116;1;DE;54;2;2;3;5;4;5;4;2;5;3;2;5;3;6;6;2;4;6;5;2;6;3;5;1;1;1;1;1;3;3;1;2;1;4;3;3;2;3;2;10;4;10;9;10;3;8;8;11;10;1;1;1;99;1;0;1;1;1;1;1;1;0;1;3;0;0;1;0;0;1;0;1;0;1;control;T1
100;549;1;DE;54;;;6;4;4;4;1;2;6;3;4;4;3;6;5;5;6;1;4;1;2;3;6;1;1;1;1;1;1;2;1;3;1;4;1;2;3;1;1;8;4;8;9;9;5;9;10;9;9;1;1;1;1;1;0;1;1;1;1;1;1;0;1;3;1;0;0;1;1;1;0;0;0;1;control;T4
100;498;1;DE;54;;;5;5;5;4;2;2;6;6;5;5;5;6;1;5;5;5;4;3;2;1;3;1;1;1;1;1;1;3;1;1;1;4;1;3;2;2;1;9;8;10;7;11;7;10;10;11;9;1;;1;0;1;1;1;1;1;1;1;1;0;1;3;1;0;0;1;1;1;0;1;0;1;control;T7
100;1442;1;DE;55;2;2;3;4;4;4;4;1;2;4;2;2;2;2;3;3;5;3;3;1;2;2;4;2;2;2;1;2;3;1;3;3;2;3;4;3;4;2;4;6;6;7;9;6;9;10;10;7;8;1;1;0;1;99;99;0;0;99;1;1;99;0;99;3;99;99;0;0;1;1;0;0;0;99;control;T1
100;650;1;DE;55;;;5;4;4;3;5;3;4;5;2;3;3;5;4;6;4;4;5;5;3;3;7;2;2;3;3;3;3;1;2;2;2;3;4;1;4;2;4;9;10;8;8;5;10;11;7;6;6;1;1;0;0;1;0;0;0;1;0;1;1;0;1;2;1;0;1;1;0;1;0;0;0;0;control;T4
100;960;1;DE;56;3;1;6;3;4;3;5;5;6;7;1;4;4;2;3;6;6;5;5;5;2;2;4;2;2;2;3;3;3;3;1;1;1;5;2;1;2;2;1;10;1;10;3;7;2;10;9;10;8;1;1;99;1;1;99;99;99;0;0;99;1;99;99;1;99;99;0;99;99;99;0;99;1;0;control;T1
100;394;1;DE;56;;;6;3;6;6;7;5;5;3;2;6;7;4;1;5;6;5;1;2;2;3;6;3;3;3;3;3;3;3;1;1;2;5;5;1;2;1;1;7;9;1;1;2;1;11;2;1;1;1;1;99;1;0;0;0;0;0;99;0;0;1;99;2;1;0;0;1;0;1;0;99;0;0;control;T4
100;622;1;DE;56;;;4;4;6;7;3;2;7;7;7;4;4;1;2;7;2;4;3;1;1;2;4;2;1;3;2;1;1;1;1;1;1;5;5;1;1;1;1;11;8;6;8;8;4;10;4;1;8;1;;1;1;1;0;99;0;1;99;1;0;99;99;5;1;1;1;1;1;99;0;99;0;1;control;T7
100;1394;1;DE;57;3;2;7;4;4;4;3;2;4;4;4;4;4;2;3;3;1;3;5;3;2;6;3;1;3;2;1;2;3;3;3;3;4;3;2;4;2;3;3;10;4;6;2;6;6;7;6;4;9;1;0;0;0;1;0;0;1;0;0;0;1;0;1;1;1;1;1;0;0;1;0;1;0;0;control;T1
100;1225;1;DE;58;2;2;6;6;6;6;1;1;6;5;4;6;4;1;1;6;4;5;5;5;1;1;4;2;1;2;1;2;2;2;2;3;2;3;2;3;4;4;4;9;8;10;10;10;6;10;10;10;10;1;1;1;99;1;1;1;1;0;1;1;0;0;1;3;1;0;1;0;0;1;1;99;0;0;control;T1
100;727;1;DE;58;;;6;4;6;7;2;2;6;6;6;6;5;2;2;6;6;5;6;2;2;2;2;2;1;2;1;1;1;1;3;4;3;2;3;4;4;3;4;10;5;9;10;10;4;10;9;9;9;1;1;0;1;1;1;1;1;0;1;1;99;0;1;3;99;1;99;1;0;1;1;99;0;99;control;T4
100;766;1;DE;58;;;3;3;3;2;2;2;3;5;3;2;2;2;2;4;3;2;3;1;2;1;3;1;1;2;1;1;1;1;2;3;3;2;3;4;4;3;4;9;6;8;10;9;4;8;8;9;9;1;;0;0;1;1;0;1;0;0;1;1;99;0;2;99;1;0;0;1;1;0;99;0;99;control;T7
100;799;1;DE;59;1;2;5;5;4;4;7;3;4;3;4;5;5;5;2;6;6;6;6;7;5;2;7;2;3;1;1;2;2;3;3;3;4;4;2;5;4;3;4;8;3;9;7;7;3;10;6;3;10;1;1;1;1;1;0;99;99;0;99;1;99;0;0;3;0;0;1;0;99;1;99;99;1;0;control;T1
100;707;1;DE;59;;;6;6;7;3;1;5;4;3;2;6;7;6;3;7;5;4;5;7;2;2;5;2;3;3;2;2;1;3;2;2;1;5;3;4;4;2;2;9;4;7;7;9;3;11;9;8;8;1;1;1;1;1;1;1;0;1;0;0;1;1;0;3;1;0;1;1;1;1;0;0;1;0;control;T4
100;580;1;DE;59;;;4;6;5;3;4;5;3;3;4;6;6;3;3;6;7;5;6;6;2;2;7;1;3;1;1;3;3;3;3;2;2;5;4;2;1;2;3;9;7;8;6;7;8;7;10;4;8;1;;0;1;99;1;1;0;1;0;0;1;0;1;1;0;0;0;1;1;1;1;1;0;1;control;T7
100;1364;1;DE;60;2;2;4;5;6;4;4;5;4;6;7;6;4;4;5;4;4;5;5;4;5;5;4;2;2;3;3;3;3;2;3;3;3;3;4;3;4;3;3;6;2;6;8;6;5;9;9;7;7;1;1;0;99;1;1;0;0;0;0;99;99;99;99;2;99;0;99;99;99;99;1;0;0;99;control;T1
100;701;1;DE;60;;;5;6;4;4;2;5;5;3;6;5;4;5;4;4;5;6;4;4;1;4;4;2;2;2;3;1;2;3;3;3;2;3;3;4;4;3;4;6;5;4;6;6;6;6;6;8;6;1;;1;1;1;99;0;1;0;0;1;99;99;99;3;0;99;1;1;1;0;0;1;0;99;control;T7
100;951;1;DE;61;3;2;4;5;5;3;3;4;5;2;4;4;2;6;3;5;5;4;5;3;3;4;4;2;2;3;1;2;2;3;2;3;2;4;3;3;4;4;4;7;7;6;4;5;5;7;7;5;6;1;1;1;0;0;0;0;99;0;1;0;0;0;99;4;1;1;1;0;99;99;99;1;1;0;control;T1
100;624;1;DE;61;;;2;4;4;2;5;4;3;3;3;2;2;5;2;3;4;4;5;2;2;3;5;2;2;2;1;3;2;1;3;2;2;3;3;3;5;4;4;8;7;6;6;5;9;8;8;5;6;1;1;0;0;0;0;1;0;0;1;1;0;0;0;4;0;0;0;0;0;0;0;0;0;0;control;T4
100;737;1;DE;61;;;3;5;4;3;4;3;4;3;3;3;2;5;4;2;5;4;5;3;2;3;5;1;2;3;1;2;2;3;2;2;3;2;3;4;4;4;3;7;5;7;5;6;7;9;7;6;7;1;;0;0;0;0;0;1;0;0;1;0;0;0;4;0;99;0;0;0;0;0;0;0;0;control;T7
100;872;1;DE;62;2;1;6;2;4;2;3;2;2;6;3;4;4;1;1;4;3;5;4;1;1;2;3;1;1;2;1;1;2;3;2;3;2;3;3;4;4;5;2;5;3;7;6;9;5;7;6;9;8;1;1;99;99;99;0;99;99;0;1;1;0;0;0;2;1;1;1;1;99;1;0;0;0;1;control;T1
100;595;1;DE;62;;;5;2;2;1;1;3;6;7;2;3;1;1;1;7;7;4;5;1;1;1;6;1;1;1;2;1;1;3;2;3;1;4;3;4;4;4;1;8;2;10;7;11;4;9;6;10;11;1;1;0;0;1;0;0;1;0;0;1;0;1;0;2;0;1;0;0;1;1;0;0;1;1;control;T4
100;548;1;DE;62;;;5;3;3;1;1;1;5;6;4;3;1;1;1;5;6;4;3;1;1;1;6;1;1;1;2;1;1;3;2;2;1;5;3;2;3;3;1;8;8;9;7;11;10;9;10;9;11;1;;0;1;1;0;1;0;1;0;1;0;0;1;2;1;1;1;1;1;1;0;0;1;0;control;T7
100;740;1;DE;63;;;1;1;1;1;1;1;1;1;1;1;1;1;1;1;1;1;1;1;1;1;1;1;1;1;1;1;1;1;1;1;1;1;1;1;1;1;1;10;8;11;11;11;7;11;11;11;10;1;;1;0;1;0;1;0;99;1;1;99;0;99;5;1;99;99;1;0;99;1;99;0;1;control;T7
100;971;1;DE;64;;;4;3;4;1;1;1;1;5;4;4;1;1;1;1;5;4;4;1;1;1;1;1;1;1;1;1;1;1;1;1;1;5;5;3;1;1;1;9;1;10;11;9;1;10;8;11;11;1;1;1;0;0;0;0;0;1;1;1;0;0;0;2;99;0;1;0;99;1;0;99;0;99;control;T4
100;785;1;DE;64;;;1;1;1;1;1;1;1;1;1;1;1;1;1;1;1;1;1;1;1;1;1;1;1;1;1;1;1;1;1;1;1;5;5;1;1;1;1;11;5;6;11;11;3;9;3;11;10;1;;1;0;1;1;1;1;1;1;0;0;0;0;3;1;0;0;1;1;1;0;1;0;99;control;T7
100;399;1;DE;65;;;5;4;4;5;1;1;7;6;4;2;5;2;5;5;6;6;1;5;1;1;7;2;2;3;3;2;2;3;2;2;1;4;4;3;3;2;3;8;7;9;11;7;7;7;9;11;8;1;1;1;99;99;0;1;99;99;99;1;99;99;99;5;99;99;99;1;99;99;0;99;99;99;control;T4
100;313;1;DE;65;;;5;4;5;3;2;4;4;3;4;5;4;4;5;2;4;4;2;4;4;4;7;2;2;3;1;1;2;2;1;1;3;3;3;1;3;1;1;3;7;6;3;3;6;7;5;3;7;1;;99;0;99;99;99;0;99;99;99;99;99;99;5;99;99;0;0;99;0;1;99;99;0;control;T7
100;889;1;DE;66;;;2;3;2;5;2;3;5;3;4;5;7;2;2;7;3;3;5;6;4;2;7;2;1;3;1;3;3;2;2;2;3;2;2;4;2;3;3;8;4;8;10;5;7;8;9;4;10;1;;99;1;1;1;1;1;1;1;99;1;1;99;5;0;1;0;99;1;1;99;0;1;0;control;T7
Progress;Duration (in seconds);Finished;User Language;Bitte schreibe deinen Vornamen in das Feld. Wenn du einen Zweitnamen hast, benutze auch den.;Wie alt bist du?;Welchem Geschlecht fühlst du dich zugehörig?;"Bitte beantworte die folgenden Aussagen über den NAO Roboter! Du kannst das Video so oft abspielen wie du möchtest.






NAO ist:Your question here - sicher";"Bitte beantworte die folgenden Aussagen über den NAO Roboter! Du kannst das Video so oft abspielen wie du möchtest.






NAO ist:Your question here - kompetent";"Bitte beantworte die folgenden Aussagen über den NAO Roboter! Du kannst das Video so oft abspielen wie du möchtest.






NAO ist:Your question here - zuverlässig";"Bitte beantworte die folgenden Aussagen über den NAO Roboter! Du kannst das Video so oft abspielen wie du möchtest.






NAO ist:Your question here - mitfühlend";"Bitte beantworte die folgenden Aussagen über den NAO Roboter! Du kannst das Video so oft abspielen wie du möchtest.






NAO ist:Your question here - beängstigend";"Bitte beantworte die folgenden Aussagen über den NAO Roboter! Du kannst das Video so oft abspielen wie du möchtest.






NAO ist:Your question here - unangenehm";"Bitte beantworte die folgenden Aussagen über den NAO Roboter! Du kannst das Video so oft abspielen wie du möchtest.






NAO ist:Your question here - sozial";"Bitte beantworte die folgenden Aussagen über den Blossom Roboter! Du kannst das Video so oft abspielen wie du möchtest.Your question here

 




Blossom ist: - sicher";"Bitte beantworte die folgenden Aussagen über den Blossom Roboter! Du kannst das Video so oft abspielen wie du möchtest.Your question here

 




Blossom ist: - kompetent";"Bitte beantworte die folgenden Aussagen über den Blossom Roboter! Du kannst das Video so oft abspielen wie du möchtest.Your question here

 




Blossom ist: - zuverlässig";"Bitte beantworte die folgenden Aussagen über den Blossom Roboter! Du kannst das Video so oft abspielen wie du möchtest.Your question here

 




Blossom ist: - mitfühlend";"Bitte beantworte die folgenden Aussagen über den Blossom Roboter! Du kannst das Video so oft abspielen wie du möchtest.Your question here

 




Blossom ist: - beängstigend";"Bitte beantworte die folgenden Aussagen über den Blossom Roboter! Du kannst das Video so oft abspielen wie du möchtest.Your question here

 




Blossom ist: - unangenehm";"Bitte beantworte die folgenden Aussagen über den Blossom Roboter! Du kannst das Video so oft abspielen wie du möchtest.Your question here

 




Blossom ist: - sozial";"Bitte beantworte die folgenden Aussagen über den Marty Roboter! Du kannst das Video so oft abspielen wie du möchtest.

 

 



 

Marty ist: - sicher";"Bitte beantworte die folgenden Aussagen über den Marty Roboter! Du kannst das Video so oft abspielen wie du möchtest.

 

 



 

Marty ist: - kompetent";"Bitte beantworte die folgenden Aussagen über den Marty Roboter! Du kannst das Video so oft abspielen wie du möchtest.

 

 



 

Marty ist: - zuverlässig";"Bitte beantworte die folgenden Aussagen über den Marty Roboter! Du kannst das Video so oft abspielen wie du möchtest.

 

 



 

Marty ist: - mitfühlend";"Bitte beantworte die folgenden Aussagen über den Marty Roboter! Du kannst das Video so oft abspielen wie du möchtest.

 

 



 

Marty ist: - beängstigend";"Bitte beantworte die folgenden Aussagen über den Marty Roboter! Du kannst das Video so oft abspielen wie du möchtest.

 

 



 

Marty ist: - unangenehm";"Bitte beantworte die folgenden Aussagen über den Marty Roboter! Du kannst das Video so oft abspielen wie du möchtest.

 

 



 

Marty ist: - sozial";SOAS - Ich habe das Gefühl, dass Marty einen Verstand mit Absichten hat.;SOAS - Ich habe das Gefühl, dass Marty Vorlieben und Abneigungen hat.;SOAS - Ich habe das Gefühl, dass Marty Freunde braucht.;SOAS - Ich habe das Gefühl, dass Marty weiß was mit ihm passiert.;SOAS - Ich habe das Gefühl, dass Marty begeistert oder gelangweilt sein kann.;SOAS - Ich habe das Gefühl, dass Marty ängstlich oder ruhig sein kann.;SOAS - Ich habe das Gefühl, dass Marty richtig von falsch unterscheiden kann.;attachment_intention - Ich fühle mich emotional verbunden mit Marty.;attachment_intention - Marty liegt mir sehr am Herzen.;attachment_intention - Ich habe eine Bindung zu Marty.;attachment_intention - Marty hat für mich keine besondere Bedeutung.;attachment_intention - Marty berührt mich nicht.;attachment_intention - Ich würde Marty gern wiedersehen.;attachment_intention - Ich würde gerne mit Marty spielen.;attachment_intention - Es wäre schön, wenn Marty und ich etwas zusammen machen könnten.;attachment_intention - Ich würde Marty gerne mit nach Hause nehmen.;"Im Folgenden liest du Beschreibungen verschiedener Fähigkeiten, die man im Umgang mit künstlicher Intelligenz haben kann. Diese Fähigkeiten können stärker oder schwächer ausgeprägt sein.



Bitte bewerte dich selbst: Wie stark sind deine Fähigkeiten ausgeprägt?



Ein Wert von 0 bedeutet, dass eine Fähigkeit gar nicht oder kaum ausgeprägt ist. Ein Wert von 10 bedeutet, dass eine Fähigkeit sehr gut oder (nahezu) perfekt ausgeprägt ist. - Ich kann erkennen, ob ich es mit einer Anwendung zu tun habe, die auf KI basiert.";"Im Folgenden liest du Beschreibungen verschiedener Fähigkeiten, die man im Umgang mit künstlicher Intelligenz haben kann. Diese Fähigkeiten können stärker oder schwächer ausgeprägt sein.



Bitte bewerte dich selbst: Wie stark sind deine Fähigkeiten ausgeprägt?



Ein Wert von 0 bedeutet, dass eine Fähigkeit gar nicht oder kaum ausgeprägt ist. Ein Wert von 10 bedeutet, dass eine Fähigkeit sehr gut oder (nahezu) perfekt ausgeprägt ist. - Ich kann neue Anwendungen im Bereich „künstliche Intelligenz“ programmieren.";"Im Folgenden liest du Beschreibungen verschiedener Fähigkeiten, die man im Umgang mit künstlicher Intelligenz haben kann. Diese Fähigkeiten können stärker oder schwächer ausgeprägt sein.



Bitte bewerte dich selbst: Wie stark sind deine Fähigkeiten ausgeprägt?



Ein Wert von 0 bedeutet, dass eine Fähigkeit gar nicht oder kaum ausgeprägt ist. Ein Wert von 10 bedeutet, dass eine Fähigkeit sehr gut oder (nahezu) perfekt ausgeprägt ist. - Obwohl es häufig neue KI-Anwendungen gibt, gelingt es mir, mein Wissen und meine Fähigkeiten aktuell zu halten.";"Im Folgenden liest du Beschreibungen verschiedener Fähigkeiten, die man im Umgang mit künstlicher Intelligenz haben kann. Diese Fähigkeiten können stärker oder schwächer ausgeprägt sein.



Bitte bewerte dich selbst: Wie stark sind deine Fähigkeiten ausgeprägt?



Ein Wert von 0 bedeutet, dass eine Fähigkeit gar nicht oder kaum ausgeprägt ist. Ein Wert von 10 bedeutet, dass eine Fähigkeit sehr gut oder (nahezu) perfekt ausgeprägt ist. - Ich kann damit umgehen, wenn mich Interaktionen mit KI frustrieren oder ängstigen.";"Im Folgenden liest du Beschreibungen verschiedener Fähigkeiten, die man im Umgang mit künstlicher Intelligenz haben kann. Diese Fähigkeiten können stärker oder schwächer ausgeprägt sein.



Bitte bewerte dich selbst: Wie stark sind deine Fähigkeiten ausgeprägt?



Ein Wert von 0 bedeutet, dass eine Fähigkeit gar nicht oder kaum ausgeprägt ist. Ein Wert von 10 bedeutet, dass eine Fähigkeit sehr gut oder (nahezu) perfekt ausgeprägt ist. - Ich kann abwägen, welche Konsequenzen die Nutzung von KI für die Gesellschaft hat.";"Im Folgenden liest du Beschreibungen verschiedener Fähigkeiten, die man im Umgang mit künstlicher Intelligenz haben kann. Diese Fähigkeiten können stärker oder schwächer ausgeprägt sein.



Bitte bewerte dich selbst: Wie stark sind deine Fähigkeiten ausgeprägt?



Ein Wert von 0 bedeutet, dass eine Fähigkeit gar nicht oder kaum ausgeprägt ist. Ein Wert von 10 bedeutet, dass eine Fähigkeit sehr gut oder (nahezu) perfekt ausgeprägt ist. - Ich kann neue KI-Anwendungen designen.";"Im Folgenden liest du Beschreibungen verschiedener Fähigkeiten, die man im Umgang mit künstlicher Intelligenz haben kann. Diese Fähigkeiten können stärker oder schwächer ausgeprägt sein.



Bitte bewerte dich selbst: Wie stark sind deine Fähigkeiten ausgeprägt?



Ein Wert von 0 bedeutet, dass eine Fähigkeit gar nicht oder kaum ausgeprägt ist. Ein Wert von 10 bedeutet, dass eine Fähigkeit sehr gut oder (nahezu) perfekt ausgeprägt ist. - Ich kann KI sinnvoll einsetzen, um meine Ziele zu erreichen.";"Im Folgenden liest du Beschreibungen verschiedener Fähigkeiten, die man im Umgang mit künstlicher Intelligenz haben kann. Diese Fähigkeiten können stärker oder schwächer ausgeprägt sein.



Bitte bewerte dich selbst: Wie stark sind deine Fähigkeiten ausgeprägt?



Ein Wert von 0 bedeutet, dass eine Fähigkeit gar nicht oder kaum ausgeprägt ist. Ein Wert von 10 bedeutet, dass eine Fähigkeit sehr gut oder (nahezu) perfekt ausgeprägt ist. - Auch anstrengende und komplizierte Aufgaben bei der Zusammenarbeit mit künstlicher Intelligenz kann ich in der Regel gut lösen.";"Im Folgenden liest du Beschreibungen verschiedener Fähigkeiten, die man im Umgang mit künstlicher Intelligenz haben kann. Diese Fähigkeiten können stärker oder schwächer ausgeprägt sein.



Bitte bewerte dich selbst: Wie stark sind deine Fähigkeiten ausgeprägt?



Ein Wert von 0 bedeutet, dass eine Fähigkeit gar nicht oder kaum ausgeprägt ist. Ein Wert von 10 bedeutet, dass eine Fähigkeit sehr gut oder (nahezu) perfekt ausgeprägt ist. - Ich kann verhindern, dass KI mich in meinen Entscheidungen beeinflusst.";"Im Folgenden liest du Beschreibungen verschiedener Fähigkeiten, die man im Umgang mit künstlicher Intelligenz haben kann. Diese Fähigkeiten können stärker oder schwächer ausgeprägt sein.



Bitte bewerte dich selbst: Wie stark sind deine Fähigkeiten ausgeprägt?



Ein Wert von 0 bedeutet, dass eine Fähigkeit gar nicht oder kaum ausgeprägt ist. Ein Wert von 10 bedeutet, dass eine Fähigkeit sehr gut oder (nahezu) perfekt ausgeprägt ist. - Ich kann einschätzen, welche Vor- und Nachteile der Einsatz einer KI mit sich bringt.";"Wenn du diese Frage liest, wähle ""gelb"" aus.";Wie viele Finger hat eine Hand?;Welches Bauteil von Marty ist auf diesem Bild abgebildet?;Welche Bewegung kann Marty's Hüftmotor ausführen?;Marty der Roboter hat einen Infrarot (IR)-Sensor in seinen Fuß. Was ist die Hauptaufgabe dieses Sensors?;Welche der folgenden Aufgaben kann ein Sensor NICHT ausführen?;Was ist die Hauptfunktion dieses Bauteils auf dem Arduino Nano ESP32?;Was ist die Hauptaufgabe eines Mikrocontrollers (wie eines Arduinos) in einem Roboter?;Durch welche Merkmale unterscheidet sich KI von bisherigen IT-Anwendungen?;Bei welchem der folgenden Beispiele handelt es sich NICHT um KI?;Eine App wandelt den Stil deines Gesichts in ein Van-Gogh-Gemälde um. Was ist die Hauptaufgabe dieser KI?;Eine Maschine erhält einen Datensatz mit Bildern von Blumen, in dem angegeben ist, ob es sich bei einem Bild um eine Tulpe handelt oder nicht. Die Maschine wird darauf trainiert, zu erkennen, wann ein Bild eine Tulpe enthält. Um welche Art des maschinellen Lernens handelt es sich?;Was ist ein zentrales Merkmal von Modellen, die verstärkendes Lernen benutzen?;"Was ist ein ""Prompt""?";Welche der folgenden Anweisungen könnte bei der Erstellung eines Prompts für ein LLM zu einer schlechteren Antwort führen?;Welche der folgenden Erklärungen beschreibt am besten, wie generative KI funktioniert?;Zwei Personen nutzen einen Sprachassistenten, um nach Karrierechancen in der Technologiebranche zu suchen. Während Person 1 (eine junge deutsche Frau) zahlreiche Jobangebote, darunter Führungspositionen und Förderprogramme, erhält, bekommt Person 2 (ein junger Mann mit nicht-europäischem Hintergrund) hauptsächlich Informationen zu Einstiegsjobs und Weiterbildungen. Welches ethische Dilemma wird durch dieses Szenario verdeutlicht?;Halluzinationen in KI-Modellen beziehen sich auf unsinnige oder grammatikalisch fehlerhafte Wörter oder Sätze, die vom Modell generiert werden. Welcher der folgenden Faktoren ist am wenigsten wahrscheinlich für die Verursachung von Halluzinationen verantwortlich?;Welche der folgenden Aussagen beschreibt beim Programmieren am besten was ein Kommando ist?;Du möchtest, dass ein Roboter eine LED-Leuchte genau zehn Mal blinken lässt. Welches Programmierkonzept ist dafür am besten geeignet?;"Schau dir den folgenden C++-Code an. Unter welcher Bedingung wird der Befehl turn_on_light() ausgeführt?



if (room == „“dark„“) {

 turn_on_light();

 } else {

 // nichts tun

}";"Ein/e Programmierer/In möchte, dass der Roboter Marty zwei Schritte vorwärts geht und sich dann um 90 Grad nach rechts dreht. Angenommen, die C++-Befehle lauten marty.walk(steps); und marty.turn(„direction“, degrees);, welcher Codeausschnitt führt diese Sequenz korrekt aus?";Welche der folgenden Aspekte stellen potenzielle ethische Herausforderungen beim Einsatz generativer KI dar?;Ein Unternehmen entscheidet sich, anstelle menschlicher Synchronsprecher:innen eine KI für die Sprachaufnahmen eines Films zu verwenden. Welches ethische Problem könnte dabei im Hinblick auf die soziale Verantwortung entstehen?;Welche Risiken und Herausforderungen birgt der Einsatz von KI-Lösungen?;Experimental_group;Timepoint